2975	object	ANY	exact
3021	object	ANY	exact
5017	/lol-matches	ANY	exact
5099	/lol-slugs	ANY	exact
5109	/lol-raw	ANY	exact
5146	/live-gameids	ANY	exact
5225	/ps-compositions	ANY	exact
5320	/debug-livestats	ANY	exact
5364	/opendota-live	ANY	exact
5728	/ps-dota-live	ANY	exact
5797	/live-game	ANY	exact
6003	/odds-markets	ANY	exact
6155	/player-props-debug	ANY	exact
6326	/odds	ANY	exact
6647	/sx-status	ANY	exact
6673	/debug-odds	ANY	exact
6709	/dota-matches	ANY	exact
6829	/dota-map-result	ANY	exact
6860	/cs-matches	ANY	exact
6952	/valorant-matches	ANY	exact
7045	/live-snapshot	ANY	exact
7344	/debug-vlr	ANY	exact
7367	/upcoming-snapshot	ANY	exact
7452	/debug-teams	ANY	exact
7483	/debug-match-odds	ANY	exact
7540	/debug-map-odds	ANY	exact
7616	/handicap-odds	ANY	exact
7682	/mma-odds	ANY	exact
7724	/admin/login	POST	exact
7771	/admin/logout	POST	exact
7784	/admin/me	GET	exact
7798	/health	ANY	exact
7798	/alerts	ANY	exact
7808	/alerts	ANY	exact
8071	/alerts	ANY	exact
8157	/metrics-lite	ANY	exact
8165	/health/metrics.html	ANY	exact
8165	/metrics.html	ANY	exact
8277	/metrics/ingest	POST	exact
8310	/health/metrics	ANY	exact
8310	/metrics	ANY	exact
8362	/record-analysis	POST	exact
8368	/match-result	ANY	exact
8399	/ps-result	ANY	exact
8459	/dota-result	ANY	exact
8668	/cs-result	ANY	exact
8683	/valorant-result	ANY	exact
8699	/darts-result	ANY	exact
8720	/snooker-result	ANY	exact
8793	/football-result	ANY	exact
8898	/basket-matches	ANY	exact
8974	/admin/basket-resettle-audit	ANY	exact
9133	/basket-result	ANY	exact
9236	/basket-elo	ANY	exact
9247	/basket-trained	ANY	exact
9267	/basket-trained-markets	ANY	exact
9283	/admin/basket-elo-list	ANY	exact
9312	/admin/basket-elo-reset	POST,GET	exact
9329	/admin/basket-seed	POST,GET	exact
9411	/admin/basket-train	POST,GET	exact
9561	/admin/basket-train-status	ANY	exact
9576	/sync-basket-espn	ANY	exact
9618	/tennis-elo	ANY	exact
9635	/football-elo	ANY	exact
9652	/users	ANY	exact
9659	/save-user	POST	exact
9718	/shadow-tips	ANY	exact
9785	/unsettled-tips	ANY	exact
9804	/admin/tennis-sources-diag	ANY	exact
9867	/admin/football-settle-diag	ANY	exact
9953	/admin/football-sync-diag	ANY	exact
10073	/admin/alias-audit	ANY	exact
10157	/admin/tip-audit	ANY	exact
10235	/admin/zombie-scan	ANY	exact
10334	/admin/tennis-tip-match-debug	ANY	exact
10450	/admin/tennis-stuck-bulk-diag	ANY	exact
10549	/admin/tennis-player-stats-debug	ANY	exact
10581	/admin/tennis-force-settle-tip	ANY	exact
10652	/admin/tennis-mt-force-settle-tip	ANY	exact
10749	/tennis-settle-debug	ANY	exact
10826	/cashout-alerts	ANY	exact
10889	/reopen-tip	POST	exact
10945	/settle-manual	POST	exact
11010	/void-tip	ANY	exact
11051	/admin/reanalyze-void	POST	exact
11096	/market-tips-recent	ANY	exact
11262	/market-tips-by-sport	ANY	exact
11456	/market-tips-breakdown	ANY	exact
11547	/market-tips-by-league	ANY	exact
11629	/admin/repair-market-tips-dedup	POST	exact
11672	/admin/purge-voided-market-tips	POST	exact
11688	/admin/settle-market-tips-shadow	POST,GET	exact
11706	/admin/sync-hltv-results	POST,GET	exact
11727	/admin/sync-cs-per-map-rounds	POST,GET	exact
11745	/admin/pinnacle-auto-bet-status	GET	exact
11833	/admin/pinnacle-bet-confirm	POST	exact
11857	/admin/cs-permap-manual	POST,GET	exact
11934	/admin/sync-valorant-per-map-rounds	POST,GET	exact
11953	/admin/settle-mt-shadow-kills-manual	POST,GET	exact
12000	/admin/settle-mt-shadow-kills	POST,GET	exact
12322	/admin/boot-diag	GET,POST	exact
12375	/admin/memory-breakdown	GET,POST	exact
12430	/admin/db-stats	GET,POST	exact
12473	/admin/match-result-sources-cleanup	GET,POST	exact
12553	/admin/match-result-sources-unique-check	GET,POST	exact
12620	/admin/match-result-sources-breakdown	GET,POST	exact
12668	/admin/forensics	GET,POST	exact
12742	/admin/index.html	ANY	exact
12742	/admin/	ANY	exact
12742	/admin	ANY	exact
12927	/admin/forensics.html	ANY	exact
13044	/admin/quick-stats.html	ANY	exact
13174	/admin/today	GET,POST	exact
13254	/admin/today.html	ANY	exact
13383	/admin/sport-detail.html	ANY	exact
13493	/admin/cron-status.html	ANY	exact
13615	/admin/env-audit	GET,POST	exact
13707	/admin/holdout-status	GET,POST	exact
13723	/admin/test-broadcast	GET,POST	exact
13771	/admin/security-status	GET,POST	exact
13830	/admin/nightly-retrain-status	GET,POST	exact
13889	/admin/tip-debug	GET,POST	exact
13964	/admin/cross-significance	ANY	exact
13979	/admin/hg-neg-readiness	ANY	exact
14001	/admin/learning-activity	GET,POST	exact
14083	/admin/clv-history	GET	exact
14146	/admin/cross-significance-history	GET,POST	exact
14200	/admin/gate-attribution-snapshot	GET,POST	exact
14234	/admin/ml-gate-rejected-audit	GET,POST	exact
14281	/admin/sofascore-proxy-health	GET,POST	exact
14371	/admin/shadow-vs-real-snapshot	GET,POST	exact
14421	/admin/sport-leak-summary	GET,POST	exact
14543	/admin/tennis-calib-meta	GET	exact
14555	/admin/tennis-calib-raw	GET	exact
14595	/admin/news-impact	GET	exact
14610	/admin/news-impact-inject	POST	exact
14630	/admin/live-tips-debug	GET	exact
14710	/admin/portfolio-kelly	GET	exact
14733	/admin/sport-mt-calib-meta	GET	exact
14747	/admin/fit-sport-mt	POST,GET	exact
14795	/admin/fit-sport-mt-status	GET	exact
14816	/admin/fit-tennis-markov	POST,GET	exact
14842	/admin/p2-status	GET,POST	exact
14957	/admin/baseline-shadow-stats	GET,POST	exact
15013	/admin/cron-status	GET,POST	exact
15165	/admin/pending-tips-diag	GET,POST	exact
15237	/admin/football-trained-coverage	GET,POST	exact
15297	/admin/re-propagate-mt	GET,POST	exact
15352	/admin/match-diagnostic	GET,POST	exact
15470	/admin/env-audit	GET,POST	exact
15556	/admin/tg-commands	GET,POST	exact
15635	/admin/overfeaturing-audit	GET,POST	exact
15654	/admin/reconciliation	GET	exact
15672	/admin/feature-inventory	GET	exact
15769	/admin/time-of-day-analysis	GET,POST	exact
15842	/admin/risk-metrics	GET,POST	exact
15980	/admin/live-vs-pre-roi	GET,POST	exact
16054	/admin/tips-by-confidence	GET,POST	exact
16197	/admin/tips-unit-audit	GET,POST	exact
16298	/admin/tips-unit-rescale	POST	exact
16383	/admin/sport-correlation	GET,POST	exact
16474	/admin/sport-shadow-envs	GET,POST	exact
16531	/admin/sport-detail	GET,POST	exact
16614	/admin/blocklist-stats	GET,POST	exact
16669	/admin/mt-status	GET,POST	exact
16723	/admin/mt-promote-explain	ANY	exact
16765	/admin/analytics	ANY	exact
16765	/api/analytics	ANY	exact
16765	/analytics-data	ANY	exact
16795	/admin/watchdog-trigger	GET,POST	exact
16816	/admin/digest-trigger	GET,POST	exact
16835	/admin/pnl-trigger	GET,POST	exact
16857	/admin/pnl-daily-now	GET,POST	exact
16946	/admin/pnl-volume-debug	GET	exact
16998	/admin/pnl-granular	GET	exact
17109	/admin/kelly-mult-set	POST,GET	exact
17137	/admin/mt-bucket-skip-set	POST,GET	exact
17168	/admin/alerts	GET,POST	exact
17189	/admin/match-results-reconcile	GET,POST	exact
17208	/admin/alerts-resolve	POST,GET	exact
17251	/admin/analytics.html	ANY	exact
17251	/admin/analytics-ui	ANY	exact
17360	/admin/cs-live-debug	GET,POST	exact
17427	/admin/repair	GET,POST	exact
17529	/admin/force-sync-bankroll	POST	exact
17613	/admin/run-settle	ANY	exact
18367	/admin/move-football-mt-to-shadow	ANY	exact
18433	/debug-sport-tips	ANY	exact
18484	/migrations-status	ANY	exact
18501	/sports-risk-status	ANY	exact
18564	/pipeline-status	ANY	exact
18691	/league-blocklist	ANY	exact
18735	/clv-histogram	ANY	exact
18827	/admin/ev-calibration	ANY	exact
18840	/roi-by-ev-bucket	ANY	exact
18916	/tips-em-risco	ANY	exact
18971	/pending-tips-audit	ANY	exact
19035	/roi-timeline	ANY	exact
19080	/clv-by-league	ANY	exact
19148	/exploit-summary	ANY	exact
19200	/admin/arb-events	ANY	exact
19215	/admin/sync-oe-players	POST,GET	exact
19248	/admin/aggregator-status	ANY	exact
19309	/admin/golgg-test	ANY	exact
19327	/admin/thespike-test	ANY	exact
19339	/admin/sync-thespike	POST,GET	exact
19363	/admin/stratz-test	ANY	exact
19373	/admin/sync-stratz-matchups	POST,GET	exact
19392	/admin/tennis-abstract-test	ANY	exact
19403	/admin/sync-tennis-abstract	POST,GET	exact
19434	/admin/fb-features	ANY	exact
19460	/admin/football-data-test	ANY	exact
19472	/admin/sync-football-data	POST,GET	exact
19495	/admin/understat-test	ANY	exact
19506	/admin/sync-understat	POST,GET	exact
19529	/admin/lol-xcheck	ANY	exact
19548	/admin/golgg-objectives	ANY	exact
19560	/admin/sync-golgg-objectives	POST,GET	exact
19623	/admin/sync-golgg-matches	POST,GET	exact
19653	/admin/kills-calibration	ANY	exact
19670	/admin/health-overview	ANY	exact
19767	/admin/scenarios	ANY	exact
19874	/admin/real-pl	ANY	exact
19955	/admin/errors	ANY	exact
19983	/admin/feed-health	ANY	exact
19994	/admin/oe-status	ANY	exact
20036	/admin/mt-brier-history	ANY	exact
20122	/admin/mt-calib-validation	ANY	exact
20199	/admin/super-odd-events	ANY	exact
20212	/admin/stale-line-events	ANY	exact
20225	/admin/book-bug-events	ANY	exact
20244	/admin/scraper-health	ANY	exact
20258	/admin/scraper-debug-snapshots	ANY	exact
20274	/admin/scraper-debug-snapshot	ANY	exact
20291	/admin/br-edges-now	ANY	exact
20311	/admin/casa-scorecard	ANY	exact
20383	/admin/bookmaker-deltas	ANY	exact
20415	/admin/refresh-isotonics	ANY	exact
20449	/admin/rollback-model	ANY	exact
20500	/admin/set-tip-clv	POST	exact
20537	/admin/clv-capture-trace	ANY	exact
20585	/admin/clv-by-book	ANY	exact
20645	/admin/clv-leak	ANY	exact
20645	/admin/clv-coverage	ANY	exact
20672	/admin/clv-leak	ANY	exact
20771	/bankroll-audit	ANY	exact
20842	/admin/rebuild-tip-reais	POST	exact
20923	/archive-fuzzy-duplicates	POST	exact
21028	/admin/tip-archive	POST,GET	exact
21147	/archive-cross-bucket-duplicates	POST	exact
21187	/void-market-tips-duplicates	POST	exact
21226	/void-market-tips-by-criteria	POST	exact
21264	/admin/upsert-match-result	POST	exact
21295	/admin/void-tips-batch	POST	exact
21342	/admin/restore-voided-market-tips	POST	exact
21357	/admin/unsettle-market-tips	POST	exact
21378	/admin/void-orphan-market-tips	POST,GET	exact
21446	/admin/mt-unvoid-recent	POST,GET	exact
21488	/admin/mt-promote-audit	ANY	exact
21551	/admin/mt-pending-trace	ANY	exact
21703	/admin/mt-resettle-tennis-handicap	POST,GET	exact
21752	/admin/mt-resettle-suspects	POST,GET	exact
21816	/admin/mt-tips-suspect	ANY	exact
21884	/admin/unsettle-tip-by-id	POST,GET	exact
21922	/admin/mt-settle-audit	ANY	exact
22014	/admin/mt-promote	POST,GET	exact
22046	/admin/mt-auto-promote	ANY	exact
22099	/admin/ml-auto-promote	ANY	exact
22168	/admin/mt-promote-status	ANY	exact
22192	/admin/mt-market-promote-status	ANY	exact
22217	/admin/mt-market-promote-set	POST,GET	exact
22238	/admin/tips-clv-clean-suspect	POST,GET	exact
22287	/admin/clv-clean-suspect	POST,GET	exact
22327	/admin/auto-shadow-reset	POST,GET	exact
22345	/league-trust	ANY	exact
22382	/leak-radar	ANY	exact
22482	/admin/mt-disable	POST,GET	exact
22533	/admin/mt-restore	POST,GET	exact
22569	/admin/mt-permanent-list	GET,POST	exact
22589	/admin/mt-permanent-add	POST,GET	exact
22611	/admin/mt-permanent-remove	POST,GET	exact
22635	/admin/mt-block-league	POST,GET	exact
22664	/admin/mt-unblock-league	POST,GET	exact
22688	/admin/mt-block-tier-leagues	POST,GET	exact
22738	/admin/mt-enable	POST,GET	exact
22756	/admin/mt-disable-list	ANY	exact
22782	/admin/mark-dm-dispatched	POST	exact
22806	/admin/dm-dispatch-audit	GET	exact
22858	/admin/basket-series-info	ANY	exact
22929	/admin/tip-resettle	ANY	exact
22989	/admin/tips-list	ANY	exact
23074	/admin/mt-promote-preflight	GET,POST	exact
23099	/admin/mt-refit-calib	ANY	exact
23669	/admin/mt-historical-learnings	ANY	exact
23950	/admin/tips-real-by-league	ANY	exact
24050	/admin/shadow-logging-health	ANY	exact
24133	/admin/shadow-tier-divergence	GET,POST	exact
24285	/admin/mt-shadow-by-league	ANY	exact
24420	/admin/ml-shadow-by-league	ANY	exact
24574	/admin/mt-shadow-by-line	ANY	exact
24743	/admin/mt-shadow-by-ev	ANY	exact
24808	/admin/mt-shadow-comprehensive-audit	ANY	exact
24978	/admin/mt-shadow-audit	ANY	exact
25235	/admin/mt-settle-diag	ANY	exact
25308	/admin/mt-repropagate	ANY	exact
25479	/admin/mt-shadow-unsettle	POST,GET	exact
25502	/admin/mt-shadow-unsettle-batch	POST,GET	exact
25540	/tips-by-league	ANY	exact
25601	/tips-by-sport	ANY	exact
25675	/tips-by-market	ANY	exact
25736	/tips-breakdown	ANY	exact
25866	/recent-emitted-match-ids	ANY	exact
25891	/admin/mt-shadow-revert-suspects	POST,GET	exact
25971	/admin/settle-tennis-hg-orphans	POST,GET	exact
26112	/admin/ml-calibration	ANY	exact
26257	/admin/lol-kills-debug	ANY	exact
26316	/admin/tip-find	ANY	exact
26355	/admin/mt-tip-trace	ANY	exact
26419	/admin/mt-revert-suspects	POST,GET	exact
26523	/admin/clear-stale-is-live	POST,GET	exact
26543	/admin/mt-resync-bankroll	POST,GET	exact
26603	/admin/backfill-mt-labels	POST,GET	exact
26668	/void-market-tips-bogus	POST	exact
26691	/seed-dota	POST	exact
26764	/seed-tabletennis	POST	exact
26816	/seed-cs-history	POST	exact
26893	/seed-valorant-history	POST	exact
27008	/debug-valorant-ps-match	ANY	exact
27047	/seed-valorant-maps-from-vlr	POST	exact
27115	/debug-valorant-elo	ANY	exact
27160	/sport-performance-multiplier	ANY	exact
27227	/stake-multiplier	ANY	exact
27261	/calibration-stats	ANY	exact
27278	/pending-age-info	ANY	exact
27302	/admin/recompute-ev-pending	POST	exact
27408	/admin/apply-trained-predictions	POST	exact
27451	/admin/rerun-pending-trained	ANY	exact
27595	/admin/backtest-trained	ANY	exact
27721	/void-bad-tennis	POST	exact
27777	/void-bad-darts	POST	exact
27836	/void-bad-mma	POST	exact
27904	/admin/backfill-mma-events	POST	exact
27955	/admin/migrate-football-market-types	ANY	exact
27996	/void-old-pending	POST	exact
28106	/record-tip	POST	exact
29375	/log-tip-factors	POST	exact
29398	/log-odds-history	POST	exact
29418	/resync-stats	POST	exact
29432	/reset-tips	POST	exact
29469	/admin/eval-football-poisson	POST	exact
29636	/admin/train-football-poisson	POST	exact
29849	/admin/seed-football-secondary	POST	exact
29955	/admin/reset-sport-cooldown	POST	exact
29973	/admin/cleanup-football-shortleagues	POST	exact
29988	/football-data-stats	ANY	exact
30006	/db-info	ANY	exact
30038	/dynamic-thresholds	ANY	exact
30048	/admin/dynamic-threshold	POST	exact
30075	/threshold-optimizer-apply	POST	exact
30226	/threshold-optimizer	ANY	exact
30296	/autonomy-status	ANY	exact
30430	/league-blocks	ANY	exact
30443	/league-bleed-scan	ANY	exact
30526	/admin/league-block	POST	exact
30548	/admin/blocklist-add	POST,GET	exact
30573	/admin/blocklist-remove	POST,GET	exact
30586	/admin/blocklist-list	ANY	exact
30599	/admin/drift-guard-stats	ANY	exact
30732	/admin/league-unblock	POST	exact
30748	/admin/delete-empty-bankroll	POST	exact
30766	/cost-summary	ANY	exact
30854	/shadow-summary	ANY	exact
31019	/ai-impact	ANY	exact
31213	/mt-tennis-breakdown	ANY	exact
31213	/mt-breakdown	ANY	exact
31388	/admin/mt-reapply-filters	ANY	exact
31471	/admin/mt-dupes	ANY	exact
31543	/admin/recompute-market-tip-stakes	ANY	exact
31606	/mt-dm-pipeline	ANY	exact
31701	/mt-gate-check	ANY	exact
31774	/admin/mt-promote-diag	ANY	exact
31890	/mt-shadow-diag	ANY	exact
31994	/sync-football-espn	ANY	exact
32037	/sync-pandascore-results	ANY	exact
32112	/sync-football-sofascore	ANY	exact
32153	/void-audit	ANY	exact
32287	/ai-stats	ANY	exact
32335	/roi-matrix	ANY	exact
32459	/roi-by-book	ANY	exact
32556	/tips-produced-rate	ANY	exact
32657	/roi-by-league	ANY	exact
32771	/live-vs-pregame-audit	ANY	exact
32922	/brier-ev-adjustment	ANY	exact
32979	/clv-kelly-multiplier	ANY	exact
33029	/clv-decay	ANY	exact
33078	/time-of-day-mult	ANY	exact
33125	/hourly-roi	ANY	exact
33174	/shadow-vs-active	ANY	exact
33224	/ml-shadow-by-sport	ANY	exact
33448	/shadow-readiness	ANY	exact
33448	/tips-readiness	ANY	exact
33854	/admin/readiness-learner-run	POST,GET	exact
33866	/admin/readiness-corrections	ANY	exact
33880	/admin/readiness-corrections-prune	POST,GET	exact
33895	/admin/readiness-correction-revert	POST,GET	exact
33912	/equity-curve	ANY	exact
34027	/tips-history	ANY	exact
34218	/settle	POST	exact
34592	/bankroll-baseline	POST	exact
34606	/bankroll-baseline	GET	exact
34613	/settle-sweep	POST	exact
34627	/overall-summary	ANY	exact
34918	/models-status	ANY	exact
34985	/roi	ANY	exact
35232	/league-roi	ANY	exact
35354	/img/	ANY	startsWith
35369	/dashboard	ANY	exact
35369	/	ANY	exact
35387	/bi	ANY	exact
35387	/dashboard-bi	ANY	exact
35387	/dashboard-bi.html	ANY	exact
35405	/logs	ANY	exact
35414	/logs/status	ANY	exact
35419	/logs/tips	ANY	exact
35425	/logs/live-matches	ANY	exact
35430	/logs/history	ANY	exact
35435	/logs/stream	ANY	exact
35451	/logs/ingest	POST	exact
35469	/agents/live-scout	ANY	exact
35476	/agents/feed-medic	ANY	exact
35483	/agents/weekly-review	ANY	exact
35490	/agents/health-sentinel	ANY	exact
35498	/agents/bankroll-guardian	ANY	exact
35505	/agents/pre-match-check	ANY	exact
35513	/agents/model-calibration	ANY	exact
35520	/agents/cut-advisor	ANY	exact
35527	/agents/live-storm	ANY	exact
35534	/agents/ia-health	ANY	exact
35541	/agents/decision-tree	ANY	exact
35547	/agents/news-monitor	ANY	exact
35554	/agents/backtest-validator	ANY	exact
35564	/admin/sync-sackmann	POST	exact
35641	/agents/gate-optimizer	ANY	exact
35654	/agents/post-fix-monitor	ANY	exact
35776	/agents/dota-snapshot-analyze	ANY	exact
35785	/admin/dota-snapshot-collect	POST	exact
35796	/agents/vetor2-props-smoke	ANY	exact
35860	/agents/tennis-v2-smoke	ANY	exact
35934	/agents/orchestrator	ANY	exact
35967	/agents/roi-analyst	ANY	exact
35974	/calibration	ANY	exact
36088	/bankroll	ANY	exact
36143	/risk-snapshot	ANY	exact
36189	/set-bankroll	POST	exact
36214	/champ-winrates	ANY	exact
36232	/player-champ-stats	ANY	exact
36260	/lol/ev-manual-meta	ANY	exact
36301	/lol/ev-manual-teams	ANY	exact
36382	/sync-pro-stats	ANY	exact
36389	/sync-golgg-role-impact	ANY	exact
36402	/lol/ev-manual	ANY	exact
36605	/lol/ev-manual-365	POST	exact
36715	/team-form	ANY	exact
36715	/form	ANY	exact
36754	/h2h	ANY	exact
36789	/odds-movement	ANY	exact
36801	/grid-enrich	ANY	exact
36827	/db-status	ANY	exact
36836	/ml-weights	ANY	exact
36845	/ml-dashboard	ANY	exact
36969	/lol-role-impact	ANY	exact
36980	/claude	POST	exact
37152	/update-clv	POST	exact
37184	/update-open-tip	POST	exact
37218	/admin/sofa-tennis-probe	ANY	exact
37325	/admin/mma-sofa-probe	ANY	exact
37407	/mma-matches	ANY	exact
37528	/tennis-matches	ANY	exact
37571	/sync-tennis-espn-results	ANY	exact
37587	/sync-tennis-espn-range	ANY	exact
37607	/sync-tennis-sofascore	ANY	exact
37646	/tennis-db-result	ANY	exact
37712	/tennis-scores	ANY	exact
37760	/darts-matches	ANY	exact
37838	/debug-ttennis-sources	ANY	exact
37860	/debug-cs-elo	ANY	exact
37892	/debug-cs-hltv	ANY	exact
37925	/debug-tt-theodds	ANY	exact
37946	/tabletennis-matches	ANY	exact
38111	/snooker-matches	ANY	exact
38184	/football-matches	ANY	exact
38420	/roi-by-market	ANY	exact
38460	/radar	ANY	exact